category_id,category_name,subcategory_id,subcategory_name,product_id,product_code,product_name,product_second_name,product_type,line_count,invoice_count,customer_count,net_qty,net_sales_ex_vat,net_vat_allocated_from_invoice,net_sales_inc_vat_allocated,completed_qty,completed_sales_ex_vat,completed_sales_inc_vat_allocated,returned_qty,returned_sales_ex_vat,returned_sales_inc_vat_allocated,first_sale_date,last_sale_date
2,"Airless Sprayer",,,5,83170496,"เครื่องพ่นสีแรงดันสูง-Airless sprayer รุ่น RB899",,standard,10,10,8,8.0000,295728.98,17971.03,313700.01,9.0000,325383.19,345430.01,-1.0000,-29654.21,-31730.00,2026-05-05,2026-05-30
4,"Screw Pump",,,1160,35169305,"เครื่องพ่นปูนฉาบ ขนาดเล็ก รุ่น RB-MT-F13","Portable Mortar Cement Spraying Machine Plaster Spray Equipment DQ-F13",standard,4,4,3,4.0000,256247.67,17937.34,274185.01,4.0000,256247.67,274185.01,0.0000,0.00,0.00,2026-05-07,2026-05-13
4,"Screw Pump",,,7,14566695,"เครื่องพ่นปูนฉาบ-Motar Sprayer ไฟ 220v รุ่น RB-MT9001"," mortar  sprayer 220v MT9001 (RB-M30L)",standard,4,4,2,4.0000,253112.15,17717.85,270830.00,4.0000,253112.15,270830.00,0.0000,0.00,0.00,2026-05-15,2026-05-28
2,"Airless Sprayer",,,529,35642847,"เครื่องพ่นสีจราจรAirless Traffic Paint Sprayer รุ่นRB-GM91","Airless Traffic Paint Sprayer GM91",standard,2,2,2,2.0000,158000.00,11060.00,169060.00,2.0000,158000.00,169060.00,0.0000,0.00,0.00,2026-05-07,2026-05-22
4,"Screw Pump",,,47,19636436,"เครื่องพ่นปูนฉาบ ระบบน้ำมัน 12 HP diesel mortar sprayer",,standard,1,1,1,1.0000,130000.00,9100.00,139100.00,1.0000,130000.00,139100.00,0.0000,0.00,0.00,2026-05-06,2026-05-06
2,"Airless Sprayer",,,1183,91485945,"เครื่องพ่นสีแรงดันสูง-Airless Sprayer ระบบinverter รุ่น RB360S","Airless Sprayer -DF360",standard,8,8,2,8.0000,113264.46,6885.51,120149.97,8.0000,113264.46,120149.97,0.0000,0.00,0.00,2026-05-04,2026-05-30
5,"Paint and decorating",,,12,79618933,"เครื่องกรีดผนังเซาะร่อง-Wall cutter ระบบน้ำ รุ่น WALLCD-1009","1009 Wall Chaser",standard,6,6,6,6.0000,91441.59,6400.91,97842.50,6.0000,91441.59,97842.50,0.0000,0.00,0.00,2026-05-06,2026-05-21
2,"Airless Sprayer",,,8,98458393,"เครื่องพ่นสีแรงดันสูง-Airless Sprayer ระบบinverter รุ่น RB5300","DF5300 Airless Sprayer ",standard,3,3,3,3.0000,73714.49,5160.01,78874.50,3.0000,73714.49,78874.50,0.0000,0.00,0.00,2026-05-15,2026-05-28
2,"Airless Sprayer",,,1136,00869462,"เครื่องพ่นสีแรงดันสูง-AIRLESS SPRAYER RB-795",,standard,3,3,2,3.0000,65329.91,4573.09,69903.00,3.0000,65329.91,69903.00,0.0000,0.00,0.00,2026-05-04,2026-05-21
2,"Airless Sprayer",,,10,24202698,"เครื่องพ่นสีแรงดันสูง-Airless sprayer แรงดูดสี 8.2L/min รุ่น RB999s",,standard,1,1,1,1.0000,60000.00,4200.00,64200.00,1.0000,60000.00,64200.00,0.0000,0.00,0.00,2026-05-26,2026-05-26
2,"Airless Sprayer",,,1134,41061983,"เครื่องพ่นสีแรงดันสูง-AIRLESS SPRAYER RB-395",,standard,3,3,3,3.0000,41700.00,2919.00,44619.00,3.0000,41700.00,44619.00,0.0000,0.00,0.00,2026-05-18,2026-05-28
38,"WALL CHASERS",,,1158,54633273,"เครื่องเลื่อยวงแหวน Brushless Ring Saw  RB-7425D"," Brushless Ring Saw  machine RB-7425D",standard,2,2,2,2.0000,37800.00,2646.00,40446.00,2.0000,37800.00,40446.00,0.0000,0.00,0.00,2026-05-14,2026-05-16
38,"WALL CHASERS",,,1038,96937536,"เครื่องดัดเหล็ก-punching machine ( 25 mm.) รุ่น RB-25","punching machine ( 25 mm.) RB-25",standard,1,1,1,1.0000,37373.83,2616.17,39990.00,1.0000,37373.83,39990.00,0.0000,0.00,0.00,2026-05-30,2026-05-30
2,"Airless Sprayer",,,56,69847130,"Packer รุ่น B - 8","B8 Check water needle",standard,6,6,1,2250.0000,36000.00,2520.00,38520.00,2250.0000,36000.00,38520.00,0.0000,0.00,0.00,2026-05-06,2026-05-27
3,"Missing category 3",,,21,21543011,"เครื่องยิงโฟม อีพ็อกซี่-Grouting injection pump รีโมท รุ่น RB-WE01",,standard,2,2,2,2.0000,33322.43,2332.57,35655.00,2.0000,33322.43,35655.00,0.0000,0.00,0.00,2026-05-06,2026-05-12
2,"Airless Sprayer",,,86,94030123,"RB-PS Pressure hose 1/4  15m.",,standard,10,10,8,11.0000,22114.02,1547.98,23662.00,11.0000,22114.02,23662.00,0.0000,0.00,0.00,2026-05-08,2026-05-30
22,"Other spraying equipments",,,20,11508823,"เครื่องยิงโฟม อีพ็อกซี่-Grouting injection pump รุ่น RB-WE02","machine grouting perfusion DQ-9999",standard,2,2,2,2.0000,19800.00,1386.00,21186.00,2.0000,19800.00,21186.00,0.0000,0.00,0.00,2026-05-23,2026-05-30
2,"Airless Sprayer",,,446,66765095,ค่ามัดจำ,,service,2,2,2,2.0000,19345.79,654.21,20000.00,2.0000,19345.79,20000.00,0.0000,0.00,0.00,2026-05-15,2026-05-29
46,"Wall Polishing Machine",,,1035,52633085,"เครื่องเลื่อยวงแหวนตัดคอนกรีต รุ่น RB-W410","5000W Saw Ring Saw 410mm Brushless Power Cutting Saw",standard,1,1,1,1.0000,18500.00,1295.00,19795.00,1.0000,18500.00,19795.00,0.0000,0.00,0.00,2026-05-23,2026-05-23
2,"Airless Sprayer",,,322,78118904,"RB-G230 Spray gun airless ปืนพ่นสี",,standard,3,3,2,4.0000,15240.05,1066.80,16306.85,4.0000,15240.05,16306.85,0.0000,0.00,0.00,2026-05-14,2026-05-28
30,"Drywall sander, wall sander",,,1132,20818917,"เครื่องขัดปูน DQ-8105ZX 1200W ",,standard,3,3,2,4.0000,15229.91,1066.09,16296.00,4.0000,15229.91,16296.00,0.0000,0.00,0.00,2026-05-06,2026-05-23
2,"Airless Sprayer",,,772,76338864,"เครื่องพ่นสีแรงดันสูง-AIRLESS SPRAYER RB-360","AIRLESS SPRAYER-DF360",standard,1,1,1,1.0000,14900.00,1043.00,15943.00,1.0000,14900.00,15943.00,0.0000,0.00,0.00,2026-05-29,2026-05-29
30,"Drywall sander, wall sander",,,17,66577922,"เครื่องขัดผนังสกิมโค้ท ด้ามยาว เก็บฝุ่นในตัว รุ่น RB-DWS225B","drywall sander  DWS225B",standard,2,2,2,2.0000,13883.18,971.82,14855.00,2.0000,13883.18,14855.00,0.0000,0.00,0.00,2026-05-05,2026-05-20
30,"Drywall sander, wall sander",,,18,31351241,"เครื่องขัดผนังสกิมโค้ท ด้ามสั้นเก็บฝุ่น รุ่น  RB-DWS180S ","Drywall Sander",standard,3,3,2,5.0000,13500.00,945.00,14445.00,5.0000,13500.00,14445.00,0.0000,0.00,0.00,2026-05-21,2026-05-26
30,"Drywall sander, wall sander",,,1009,56339566,"เครื่องขัดพื้นปูนเข้ามุม RB-DWS225A",,standard,1,1,1,1.0000,13500.00,945.00,14445.00,1.0000,13500.00,14445.00,0.0000,0.00,0.00,2026-05-07,2026-05-07
5,"Paint and decorating",,,111,14549706,"ใบตัดคอนกรีด ขนาด133mm.(ใบบิด)",,standard,3,3,3,50.0000,12150.00,850.50,13000.50,50.0000,12150.00,13000.50,0.0000,0.00,0.00,2026-05-08,2026-05-21
4,"Screw Pump",,,352,77260835,"ชุดลูกยาง-Startor-Rotor Width 9cm high 27.5cm เครื่องพ่นปูน รุ่นMT9001",,standard,2,2,2,3.0000,11700.00,819.00,12519.00,3.0000,11700.00,12519.00,0.0000,0.00,0.00,2026-05-23,2026-05-28
2,"Airless Sprayer",,,1186,28929687,"electrical circuit board แผงวงจรไฟฟ้า RB-1060","electrical circuit board for RB-1060",standard,1,1,1,1.0000,10850.00,759.50,11609.50,1.0000,10850.00,11609.50,0.0000,0.00,0.00,2026-05-22,2026-05-22
2,"Airless Sprayer",,,585,69572134,ค่ามัดจำ,,service,1,1,1,1.0000,9345.79,654.21,10000.00,1.0000,9345.79,10000.00,0.0000,0.00,0.00,2026-05-25,2026-05-25
5,"Paint and decorating",,,59,48383208,"Packer รุ่น A -8",,standard,4,4,4,700.0000,8400.00,588.00,8988.00,700.0000,8400.00,8988.00,0.0000,0.00,0.00,2026-05-05,2026-05-30
38,"WALL CHASERS",,,1157,01025726,"ใบตัด เครื่องเลื่อยวงแหวนตัดคอนกรีต Brushless Ring Saw รุ่น RB-7425D ","cutting blade Brushless Ring Saw  RB-7425D",standard,1,1,1,2.0000,7950.00,556.50,8506.50,2.0000,7950.00,8506.50,0.0000,0.00,0.00,2026-05-22,2026-05-22
30,"Drywall sander, wall sander",,,1185,73227450,"เครื่องขัดพื้นปูนคอนกรีต แบบ3 หัว รุ่น RB-DWS225C",,standard,1,1,1,1.0000,7943.93,556.08,8500.01,1.0000,7943.93,8500.01,0.0000,0.00,0.00,2026-05-11,2026-05-11
2,"Airless Sprayer",,,88,56540900,"RB-PS Pressure hose 15m.(3/8)",,standard,1,1,1,2.0000,7000.00,490.00,7490.00,2.0000,7000.00,7490.00,0.0000,0.00,0.00,2026-05-22,2026-05-22
30,"Drywall sander, wall sander",,,1085,81277448,"แผ่นขัดพื้นกลมแดง ขนาด 4 นิ้ว #40",,standard,3,3,3,8.0000,6108.32,427.58,6535.90,8.0000,6108.32,6535.90,0.0000,0.00,0.00,2026-05-05,2026-05-23
30,"Drywall sander, wall sander",,,1137,15759750,"เครื่องขัดปูน หน้า 7 นิ้ว รุ่น DQ-150ZX 3000W",,standard,1,1,1,1.0000,5900.00,413.00,6313.00,1.0000,5900.00,6313.00,0.0000,0.00,0.00,2026-05-21,2026-05-21
2,"Airless Sprayer",,,1109,63573265,"เครื่องพ่นสีขนาดพกพา แบบแบตเตอรี่ รุ่น RB-DQ600BL","Battery-powered airless paint sprayer  RB-DQ600BL",standard,1,1,1,1.0000,5140.19,359.81,5500.00,1.0000,5140.19,5500.00,0.0000,0.00,0.00,2026-05-02,2026-05-02
4,"Screw Pump",,,359,18248883,"สายพ่นปูน-HOSE Mortar เครื่องพ่นปูน รุ่นMT9001","HOSE Mortar sprayer MT-9001",standard,1,1,1,1.0000,5140.19,359.81,5500.00,1.0000,5140.19,5500.00,0.0000,0.00,0.00,2026-05-15,2026-05-15
22,"Other spraying equipments",,,225,78823195,"สายไฮโดรลิก- epoxy  grouting   spare parts รุ่น RB-WE01,WE02","epoxy  grouting   spare parts RB-WE01,WE02",standard,5,5,3,7.0000,4930.00,345.10,5275.10,7.0000,4930.00,5275.10,0.0000,0.00,0.00,2026-05-16,2026-05-27
38,"WALL CHASERS",,,1046,04819892,"บาร์โซ่เลื่อยตัดคอนกรีต (เครื่องเลื่อยตัดไฟฟ้า 20 นิ้ว)",,standard,1,1,1,3.0000,4770.00,333.90,5103.90,3.0000,4770.00,5103.90,0.0000,0.00,0.00,2026-05-12,2026-05-12
46,"Wall Polishing Machine",,,1016,86092530,"ขาตั้งCentipede ขา Strut อลูมิเนียมอัลลอยด์แบบพกพา RB-CS10",,standard,1,1,1,1.0000,4500.00,315.00,4815.00,1.0000,4500.00,4815.00,0.0000,0.00,0.00,2026-05-04,2026-05-04
1,"Missing category 1",,,32,54906572,"แผ่นฟองน้ำ (อย่างดี)-Sponge  disc Premium",,standard,1,1,1,10.0000,4000.00,280.00,4280.00,10.0000,4000.00,4280.00,0.0000,0.00,0.00,2026-05-29,2026-05-29
30,"Drywall sander, wall sander",,,1141,33417325,"ทุ่น Rotor spare parts  รุ่น RB-225A","Rotor spare parts RB-225A",standard,2,2,1,2.0000,3950.00,276.50,4226.50,2.0000,3950.00,4226.50,0.0000,0.00,0.00,2026-05-21,2026-05-22
1,"Missing category 1",,,2,03665944,"เครื่องปั่นหน้าปูนฉาบ สายไฟ 5 เมตร รุ่น RB-PSM370-5M","wet cement  sanding machine  pSM -300   5meter wire",standard,2,2,2,2.0000,3925.23,274.77,4200.00,2.0000,3925.23,4200.00,0.0000,0.00,0.00,2026-05-06,2026-05-20
30,"Drywall sander, wall sander",,,61,45473436,"กระดาษทรายขัดผนังหน้า 7 นิ้ว เบอร์80","80grits180mm sandpaper ",standard,9,6,5,350.0000,3914.96,225.05,4140.01,350.0000,3914.96,4140.01,0.0000,0.00,0.00,2026-05-18,2026-05-26
5,"Paint and decorating",,,220,93981649,"ไม้ปาดสกิมโค้ท สีแดง  Scraper 40 cm.",,standard,2,2,2,4.0000,3737.85,261.65,3999.50,4.0000,3737.85,3999.50,0.0000,0.00,0.00,2026-05-06,2026-05-09
2,"Airless Sprayer",,,811,26036883,ค่าส่ง,,service,9,9,8,9.0000,3713.55,249.45,3963.00,9.0000,3713.55,3963.00,0.0000,0.00,0.00,2026-05-08,2026-05-29
5,"Paint and decorating",,,58,34545087,"Packer รุ่น A -10","A10Check water needle",standard,6,6,3,300.0000,3600.00,252.00,3852.00,300.0000,3600.00,3852.00,0.0000,0.00,0.00,2026-05-06,2026-05-12
2,"Airless Sprayer",,,1010,11487134,"Battery Backpack-airless Sprayer 4.0 AH",,standard,2,2,2,3.0000,3228.04,225.96,3454.00,3.0000,3228.04,3454.00,0.0000,0.00,0.00,2026-05-02,2026-05-26
1,"Missing category 1",,,3,21842309,"เครื่องปั่นหน้าปูนฉาบ สายไฟ 10  เมตร รุ่น RB-PSM370-10M ","wet cement  sanding machine  pSM -300   10meter wire",standard,1,1,1,1.0000,3000.00,210.00,3210.00,1.0000,3000.00,3210.00,0.0000,0.00,0.00,2026-05-29,2026-05-29
22,"Other spraying equipments",,,54,97527537,"ปืนยิงโฟม Long gun head of grouting machine รุ่นPU-GUN-Foam-01","Long gun head of grouting machine PU-GUN-Foam-01",standard,2,2,2,3.0000,2970.00,207.90,3177.90,3.0000,2970.00,3177.90,0.0000,0.00,0.00,2026-05-23,2026-05-27
30,"Drywall sander, wall sander",,,67,21961958,"กระดาษทรายขัดผนังหน้า 9 นิ้ว เบอร์80","225mm Sandpaper no.80",standard,8,4,4,200.0000,2942.98,206.01,3148.99,200.0000,2942.98,3148.99,0.0000,0.00,0.00,2026-05-04,2026-05-25
2,"Airless Sprayer",,,155,37498222,"Spray Tip 517",,standard,16,15,11,16.0000,2843.46,199.04,3042.50,17.0000,2843.46,3042.50,-1.0000,0.00,0.00,2026-05-04,2026-05-30
38,"WALL CHASERS",,,1078,88471131,"ใบตัด ขนาด 12 นิ้ว  RB-320-1","BLADE 320MM",standard,1,1,1,1.0000,2820.00,197.40,3017.40,1.0000,2820.00,3017.40,0.0000,0.00,0.00,2026-05-14,2026-05-14
22,"Other spraying equipments",,,124,05170330,"PU FOAM หัวอัดจารบี เครื่องยิงโฟม- Phosset injection pump รุ่น PU- Phosset -02 Black","Phosset injection pump (Black)",standard,3,3,1,4.0000,2800.00,196.00,2996.00,4.0000,2800.00,2996.00,0.0000,0.00,0.00,2026-05-06,2026-05-27
2,"Airless Sprayer",,,159,31220419,"RB-WF60mesh White airless spray gun filter- ใส้กรองปืนสีขาว",,standard,33,32,19,86.0000,2780.38,194.63,2975.01,90.0000,2780.38,2975.01,-4.0000,0.00,0.00,2026-05-04,2026-05-30
2,"Airless Sprayer",,,162,02770435,"Extend tube-ด้ามต่อหัวพ่น ขนาด 50cm.",,standard,23,23,14,21.0000,2768.81,130.82,2899.63,22.0000,2768.81,2899.63,-1.0000,0.00,0.00,2026-05-04,2026-05-30
2,"Airless Sprayer",,,762,92313469,"Tip Guard (สีดำ)",,standard,4,4,4,7.0000,2678.04,187.46,2865.50,7.0000,2678.04,2865.50,0.0000,0.00,0.00,2026-05-07,2026-05-30
2,"Airless Sprayer",,,1059,32878401,"สายดูดสี Connector newmodel Full set for RB360",,standard,2,2,2,2.0000,2568.22,179.78,2748.00,2.0000,2568.22,2748.00,0.0000,0.00,0.00,2026-05-13,2026-05-30
1,"Missing category 1",,,722,25937212,"กระดาษทราย-เกรียงขัดกระดาษเข้ามุม ความยาว 50 cm  เบอร์ 320",,standard,1,1,1,100.0000,2500.00,175.00,2675.00,100.0000,2500.00,2675.00,0.0000,0.00,0.00,2026-05-30,2026-05-30
48,"Power Tools",,,807,67876762,เครื่องสั่นกระเบื้อง(สีดำ),,standard,1,1,1,1.0000,2500.00,175.00,2675.00,1.0000,2500.00,2675.00,0.0000,0.00,0.00,2026-05-26,2026-05-26
1,"Missing category 1",,,31,09766295,"แผ่นพลาสติก-Plastic smoothing disk ",,standard,2,2,2,6.0000,2400.00,168.00,2568.00,6.0000,2400.00,2568.00,0.0000,0.00,0.00,2026-05-08,2026-05-29
48,"Power Tools",,,1069,32344380,"ชุดประกับใบตัด เครื่องเลื่อยวงแหวนตัดคอนกรีตไฟฟ้า รุ่น W-410","Spare wheel set, electric saw blade 410 mm.",standard,2,2,2,4.0000,2321.40,162.50,2483.90,4.0000,2321.40,2483.90,0.0000,0.00,0.00,2026-05-09,2026-05-25
1,"Missing category 1",,,114,46019257,"Polishing diskเพจรองเครื่องขัดผนัง รุ่นRB-DWS225B",,standard,2,2,2,3.0000,2318.32,162.28,2480.60,3.0000,2318.32,2480.60,0.0000,0.00,0.00,2026-05-05,2026-05-13
1,"Missing category 1",,,717,59782546,"ปืนยิงกาวซีเมนต์ -Grouting Mortar Sprayer  หัว 4 ขนาด 15mm,25mm,42mm,60mm รุ่น ML-GM-4P",,standard,3,3,3,6.0000,1980.00,138.60,2118.60,6.0000,1980.00,2118.60,0.0000,0.00,0.00,2026-05-14,2026-05-25
5,"Paint and decorating",,,213,35618870,"เกรียงขัดกระดาษทรายเข้ามุม ขนาด 25cm.",,standard,1,1,1,5.0000,1950.00,136.50,2086.50,5.0000,1950.00,2086.50,0.0000,0.00,0.00,2026-05-09,2026-05-09
1,"Missing category 1",,,729,13461138,"กระดาษทราย-เกรียงขัดกระดาษเข้ามุม ความยาว 25 cm เบอร์ 240",,standard,1,1,1,100.0000,1900.00,133.00,2033.00,100.0000,1900.00,2033.00,0.0000,0.00,0.00,2026-05-30,2026-05-30
1,"Missing category 1",,,726,65056339,"กระดาษทราย-เกรียงขัดกระดาษเข้ามุม ความยาว 25 cm เบอร์ 320",,standard,1,1,1,100.0000,1900.00,133.00,2033.00,100.0000,1900.00,2033.00,0.0000,0.00,0.00,2026-05-30,2026-05-30
2,"Airless Sprayer",,,89,33172105,"RB-PS Pressure hose 10m.",,standard,1,1,1,1.0000,1822.43,127.57,1950.00,1.0000,1822.43,1950.00,0.0000,0.00,0.00,2026-05-04,2026-05-04
2,"Airless Sprayer",,,311,80715221,"Spray tip 635",,standard,1,1,1,3.0000,1650.00,115.50,1765.50,3.0000,1650.00,1765.50,0.0000,0.00,0.00,2026-05-30,2026-05-30
30,"Drywall sander, wall sander",,,65,91780351,"กระดาษทรายขัดผนังหน้า 7 นิ้ว เบอร์240","240grits 180mm sandpaper ",standard,3,3,3,130.0000,1480.50,54.64,1535.14,130.0000,1480.50,1535.14,0.0000,0.00,0.00,2026-05-08,2026-05-20
30,"Drywall sander, wall sander",,,68,90434505,"กระดาษทรายขัดผนังหน้า 9 นิ้ว เบอร์120","225mm Sandpaper no.120",standard,3,2,2,100.0000,1407.48,98.52,1506.00,100.0000,1407.48,1506.00,0.0000,0.00,0.00,2026-05-04,2026-05-25
2,"Airless Sprayer",,,245,11653104,"No.17 Inlet valve assembly-RB899",,standard,1,1,1,1.0000,1401.87,98.13,1500.00,1.0000,1401.87,1500.00,0.0000,0.00,0.00,2026-05-25,2026-05-25
2,"Airless Sprayer",,,151,42914914,"No.29 Valve assembly -วาวล์ไล่อากาศ RB899","No.29 Valve assembly DF330",standard,1,1,1,1.0000,1401.87,98.13,1500.00,1.0000,1401.87,1500.00,0.0000,0.00,0.00,2026-05-25,2026-05-25
2,"Airless Sprayer",,,468,41779949,"No.85 Pressure Valve RB899 วาล์วปรับแรงดัน",,standard,1,1,1,1.0000,1401.87,98.13,1500.00,1.0000,1401.87,1500.00,0.0000,0.00,0.00,2026-05-25,2026-05-25
38,"WALL CHASERS",,,1162,70144469,"ชุดฝาครอบ cover Spare parts เครื่องเลื่อยวงแหวนตัดคอนกรีตไฟฟ้า รุ่น W-410"," cover Spare parts , electric saw blade 410 mm.",standard,1,1,1,1.0000,1401.87,98.13,1500.00,1.0000,1401.87,1500.00,0.0000,0.00,0.00,2026-05-09,2026-05-09
38,"WALL CHASERS",,,84,40374383,"ใบตัด-Blade WALL-RB100A ขนาด 25mm.","BALDE 25MM  WALL-RB100A",standard,1,1,1,1.0000,1401.87,98.13,1500.00,1.0000,1401.87,1500.00,0.0000,0.00,0.00,2026-05-06,2026-05-06
30,"Drywall sander, wall sander",,,71,39331098,"กระดาษทรายขัดผนังหน้า 9 นิ้ว เบอร์240","225mm Sandpaper no.240",standard,2,2,2,100.0000,1400.00,98.00,1498.00,100.0000,1400.00,1498.00,0.0000,0.00,0.00,2026-05-05,2026-05-09
5,"Paint and decorating",,,42,14594210,"เครื่องพ่นปูนมือถือ-cement spray gun รุ่น RB-CM18","cement spray gun",standard,1,1,1,1.0000,1490.00,0.00,1490.00,1.0000,1490.00,1490.00,0.0000,0.00,0.00,2026-05-30,2026-05-30
2,"Airless Sprayer",,,1187,80566141,"สายดูดสี  Suction Hose Full set RB-295"," Suction Hose Full set for RB-295 ",standard,1,1,1,1.0000,1308.41,91.59,1400.00,1.0000,1308.41,1400.00,0.0000,0.00,0.00,2026-05-30,2026-05-30
2,"Airless Sprayer",,,318,47667231,"No.110 Suction Hose Full set-RB899",,standard,1,1,1,1.0000,1121.49,78.50,1199.99,1.0000,1121.49,1199.99,0.0000,0.00,0.00,2026-05-25,2026-05-25
5,"Paint and decorating",,,62,51984083,"กระดาษทรายขัดผนังหน้า 7 นิ้ว เบอร์120","180mm sandpaper No.120",standard,3,2,2,100.0000,1107.48,77.52,1185.00,100.0000,1107.48,1185.00,0.0000,0.00,0.00,2026-05-08,2026-05-28
30,"Drywall sander, wall sander",,,70,53749536,"กระดาษทรายขัดผนังหน้า 9 นิ้ว เบอร์180","225mm Sandpaper no.180",standard,1,1,1,50.0000,1050.00,73.50,1123.50,50.0000,1050.00,1123.50,0.0000,0.00,0.00,2026-05-20,2026-05-20
2,"Airless Sprayer",,,276,32770008,"Spray tip 521",,standard,5,5,4,6.0000,1028.04,71.96,1100.00,6.0000,1028.04,1100.00,0.0000,0.00,0.00,2026-05-25,2026-05-28
2,"Airless Sprayer",,,308,16372974,"Spray tip 621",,standard,4,4,3,5.0000,1028.04,71.96,1100.00,5.0000,1028.04,1100.00,0.0000,0.00,0.00,2026-05-05,2026-05-29
30,"Drywall sander, wall sander",,,1140,97403986,"สายพาน spare parts รุ่น RB-225A",,standard,2,2,1,2.0000,980.00,68.60,1048.60,2.0000,980.00,1048.60,0.0000,0.00,0.00,2026-05-21,2026-05-22
2,"Airless Sprayer",,,736,69830696," กระเป๋าเครื่องมือช่าง คาดเอว 11.5x24cm. RB-1001",,standard,2,2,2,2.0000,971.96,68.04,1040.00,2.0000,971.96,1040.00,0.0000,0.00,0.00,2026-05-14,2026-05-20
5,"Paint and decorating",,,52,23179593,"ไม้ปาดปูน-2 meter scraper",,standard,1,1,1,1.0000,934.58,65.42,1000.00,1.0000,934.58,1000.00,0.0000,0.00,0.00,2026-05-15,2026-05-15
1,"Missing category 1",,,692,00481546,"เกรียงฉาบสกิมโค้ท ด้ามไม้ (ยาว28 cm. กว้าง 10 cm.) รุ่น ML-050021",,standard,1,1,1,2.0000,900.00,63.00,963.00,2.0000,900.00,963.00,0.0000,0.00,0.00,2026-05-23,2026-05-23
38,"WALL CHASERS",,,171,32257150,"ถ่าน เครื่องกรีดผนังอิฐมวลเบา รุ่น WALLCD-100A","carbon brush for WALLCD-100A",standard,1,1,1,3.0000,750.00,52.50,802.50,3.0000,750.00,802.50,0.0000,0.00,0.00,2026-05-25,2026-05-25
30,"Drywall sander, wall sander",,,63,48437366,"กระดาษทรายขัดผนังหน้า 7 นิ้ว เบอร์150","150grits 180mm sandpaper ",standard,2,2,2,60.0000,793.50,6.55,800.05,60.0000,793.50,800.05,0.0000,0.00,0.00,2026-05-14,2026-05-20
38,"WALL CHASERS",,,1156,75369285,"แหวนล็อคใบตัด Brushless Ring Saw spare parts  RB-7425D","Brushless Ring Saw spare parts  RB-7425D",standard,1,1,1,1.0000,690.00,48.30,738.30,1.0000,690.00,738.30,0.0000,0.00,0.00,2026-05-25,2026-05-25
2,"Airless Sprayer",,,364,29252485,"No.108 connector for RB899",,standard,2,2,1,2.0000,654.21,45.79,700.00,2.0000,654.21,700.00,0.0000,0.00,0.00,2026-05-25,2026-05-30
2,"Airless Sprayer",,,295,82811947,"Spray tip 523",,standard,2,2,2,2.0000,616.82,43.18,660.00,2.0000,616.82,660.00,0.0000,0.00,0.00,2026-05-26,2026-05-28
2,"Airless Sprayer",,,161,32062791,"Tip seat full-Spray tip -  ซีลยาง",,standard,28,28,18,80.0000,600.00,42.00,642.00,85.0000,600.00,642.00,-5.0000,0.00,0.00,2026-05-04,2026-05-30
7,"Spare parts / Accessories Airless sprayer",,,1121,08950901,"หัวอัดจารบี เครื่องยิงโฟม - Phosset injection pump สีทอง รุ่น PU-Phosset-01",,standard,1,1,1,1.0000,600.00,42.00,642.00,1.0000,600.00,642.00,0.0000,0.00,0.00,2026-05-23,2026-05-23
2,"Airless Sprayer",,,1184,27441200,"ข้อต่อ connector ปืนพ่นสี 360 องศา (สีเขียว)","connector  360 ",standard,21,21,13,19.0000,560.75,39.25,600.00,20.0000,560.75,600.00,-1.0000,0.00,0.00,2026-05-04,2026-05-30
48,"Power Tools",,,1068,14182708,"แหวนใบตัด เครื่องเลื่อยวงแหวนไฟฟ้า รุ่น RB W-410","eletric saw for (410mm.) Blade roller for 410mm Blade",standard,1,1,1,1.0000,551.40,38.60,590.00,1.0000,551.40,590.00,0.0000,0.00,0.00,2026-05-09,2026-05-09
4,"Screw Pump",,,50,15248899,"ไม้ปาดปูน-1.20meter scraper ","scraper 1.20 m",standard,7,6,3,7.0000,550.00,38.50,588.50,7.0000,550.00,588.50,0.0000,0.00,0.00,2026-05-05,2026-05-15
2,"Airless Sprayer",,,269,76622399,"Spray tip 519",,standard,4,4,4,4.0000,550.00,38.50,588.50,4.0000,550.00,588.50,0.0000,0.00,0.00,2026-05-08,2026-05-25
2,"Airless Sprayer",,,290,52416676,"Spray tip 419",,standard,2,2,2,2.0000,550.00,38.50,588.50,2.0000,550.00,588.50,0.0000,0.00,0.00,2026-05-26,2026-05-29
2,"Airless Sprayer",,,268,29857423,"Spray tip 515",,standard,6,6,3,6.0000,514.02,35.98,550.00,6.0000,514.02,550.00,0.0000,0.00,0.00,2026-05-08,2026-05-30
2,"Airless Sprayer",,,153,95064021,"น้ำมันไฮโดรลิก-Hydraulic Oil",,service,1,1,1,1.0000,514.02,35.98,550.00,1.0000,514.02,550.00,0.0000,0.00,0.00,2026-05-25,2026-05-25
2,"Airless Sprayer",,,249,64040511," No.4 Spring Outlet valve -RB899",,standard,1,1,1,2.0000,500.00,35.00,535.00,2.0000,500.00,535.00,0.0000,0.00,0.00,2026-05-12,2026-05-12
2,"Airless Sprayer",,,248,36840090,"No.15 Spring Inlet valve -RB899",,standard,1,1,1,2.0000,500.00,35.00,535.00,2.0000,500.00,535.00,0.0000,0.00,0.00,2026-05-12,2026-05-12
2,"Airless Sprayer",,,459,99805626,"No.109 Drain hose-สายไล่อากาศ RB899",,standard,1,1,1,1.0000,450.00,31.50,481.50,1.0000,450.00,481.50,0.0000,0.00,0.00,2026-05-29,2026-05-29
2,"Airless Sprayer",,,737,55001755," กระเป๋าเครื่องมือช่าง คาดเอว 11.5x26.5cm. RB-1001.2",,standard,1,1,1,1.0000,364.49,25.51,390.00,1.0000,364.49,390.00,0.0000,0.00,0.00,2026-05-23,2026-05-23
2,"Airless Sprayer",,,179,88664098,"ข้อต่อสาย-Union 1/4to1/4",,standard,3,3,2,3.0000,350.00,24.50,374.50,3.0000,350.00,374.50,0.0000,0.00,0.00,2026-05-04,2026-05-25
2,"Airless Sprayer",,,484,30600935,"No.31 Gauge-RB899",,standard,1,1,1,1.0000,327.10,22.90,350.00,1.0000,327.10,350.00,0.0000,0.00,0.00,2026-05-25,2026-05-25
1,"Missing category 1",,,33,58781023,"แผ่นกระดาษทราย-SandPaper No.40 for psm370 ",,standard,1,1,1,5.0000,320.00,22.40,342.40,5.0000,320.00,342.40,0.0000,0.00,0.00,2026-05-15,2026-05-15
2,"Airless Sprayer",,,152,63411091,"NO.3 Copper pad Oultel vevle -แหวนทองแดง RB899",,standard,2,2,2,3.0000,293.46,20.54,314.00,3.0000,293.46,314.00,0.0000,0.00,0.00,2026-05-12,2026-05-25
1,"Missing category 1",,,141,31943855,"ลูกปืน-Bearing No.6202",,standard,1,1,1,1.0000,250.00,17.50,267.50,1.0000,250.00,267.50,0.0000,0.00,0.00,2026-05-25,2026-05-25
2,"Airless Sprayer",,,327,30650677,"RB-GF30mesh Green airless spray gun filterใส้กรองปืนสีเขียว",,standard,14,14,11,24.0000,186.92,13.08,200.00,24.0000,186.92,200.00,0.0000,0.00,0.00,2026-05-04,2026-05-30
2,"Airless Sprayer",,,180,82114867,ค่าส่งแบบโอน,,service,2,2,2,2.0000,173.26,12.13,185.39,2.0000,173.26,185.39,0.0000,0.00,0.00,2026-05-14,2026-05-15
30,"Drywall sander, wall sander",,,64,61332831,"กระดาษทรายขัดผนังหน้า 7 นิ้ว เบอร์180","180grits 180mm sandpaper ",standard,1,1,1,10.0000,93.50,6.55,100.05,10.0000,93.50,100.05,0.0000,0.00,0.00,2026-05-14,2026-05-14
1,"Missing category 1",,,204,29146094,"เทปฟิล์มสำหรับงานพ่นสี พลาสติกปิดพ่นสี สำหรับรถ เทปกาวในตัว PE Masking Film with Tape ขนาด 55cm x25m",,standard,1,1,1,1.0000,36.45,2.55,39.00,1.0000,36.45,39.00,0.0000,0.00,0.00,2026-05-04,2026-05-04
2,"Airless Sprayer",,,160,91383452,ใส้กรองปืนสีแดง,"RB-RF150mesh Red airless spray gun filter",standard,23,23,16,42.0000,0.00,0.00,0.00,46.0000,0.00,0.00,-4.0000,0.00,0.00,2026-05-04,2026-05-30
2,"Airless Sprayer",,,326,03379658,"RB-YF100mesh Yellow airless spray gun filterใส้กรองเหลือง",,standard,13,13,10,22.0000,0.00,0.00,0.00,22.0000,0.00,0.00,0.0000,0.00,0.00,2026-05-04,2026-05-30
2,"Airless Sprayer",,,280,31563562,"Spray tip 415",,standard,15,15,11,14.0000,0.00,0.00,0.00,15.0000,0.00,0.00,-1.0000,0.00,0.00,2026-05-04,2026-05-30
2,"Airless Sprayer",,,283,36803270,"Spray tip 417",,standard,13,13,8,11.0000,0.00,0.00,0.00,12.0000,0.00,0.00,-1.0000,0.00,0.00,2026-05-08,2026-05-29
2,"Airless Sprayer",,,281,11523954,"Spray tip 421",,standard,11,11,6,11.0000,0.00,0.00,0.00,11.0000,0.00,0.00,0.0000,0.00,0.00,2026-05-04,2026-05-30
2,"Airless Sprayer",,,304,14785828,"Spray tip 315",,standard,7,7,5,7.0000,0.00,0.00,0.00,7.0000,0.00,0.00,0.0000,0.00,0.00,2026-05-19,2026-05-29
2,"Airless Sprayer",,,288,20013971,"Spray tip 211",,standard,6,6,6,6.0000,0.00,0.00,0.00,6.0000,0.00,0.00,0.0000,0.00,0.00,2026-05-15,2026-05-27
2,"Airless Sprayer",,,98,74774312,"VC600 Dust Collector-เครื่องเก็บฝุ่นVC600","VC600 Dust Collector",standard,6,6,6,6.0000,0.00,0.00,0.00,6.0000,0.00,0.00,0.0000,0.00,0.00,2026-05-07,2026-05-21
4,"Screw Pump",,,1058,24414829,"เครื่องผสมสี ปูน หัวเกลียว รุ่น RB-HM161 - Hand mixer HM-161",,standard,6,6,4,6.0000,0.00,0.00,0.00,6.0000,0.00,0.00,0.0000,0.00,0.00,2026-05-06,2026-05-28
5,"Paint and decorating",,,321,65415684,"4Meter Dust Suction Pipe Blue-สายดูดฝุ่น4m.","4Meter Dust Suction Pipe Blue",standard,5,5,5,5.0000,0.00,0.00,0.00,5.0000,0.00,0.00,0.0000,0.00,0.00,2026-05-08,2026-05-21
5,"Paint and decorating",,,337,10775560,ถังเก็บฝุ่น,,standard,5,5,5,5.0000,0.00,0.00,0.00,5.0000,0.00,0.00,0.0000,0.00,0.00,2026-05-08,2026-05-21
38,"WALL CHASERS",,,596,62810087,"1Meter Dust Suction Pipe Blue-สายดูดฝุ่น1m.","1Meter Dust Suction Pipe Blue",standard,5,5,5,5.0000,0.00,0.00,0.00,5.0000,0.00,0.00,0.0000,0.00,0.00,2026-05-08,2026-05-21
38,"WALL CHASERS",,,932,42962349,"50MM CYCLONE Dust collector - ถังไซโล ","50MM CYCLONE",standard,5,5,5,5.0000,0.00,0.00,0.00,5.0000,0.00,0.00,0.0000,0.00,0.00,2026-05-08,2026-05-21
2,"Airless Sprayer",,,275,22129636,"Spray tip 217",,standard,4,4,4,4.0000,0.00,0.00,0.00,4.0000,0.00,0.00,0.0000,0.00,0.00,2026-05-04,2026-05-30
2,"Airless Sprayer",,,157,44810461,"Spray tip 317",,standard,3,3,3,3.0000,0.00,0.00,0.00,3.0000,0.00,0.00,0.0000,0.00,0.00,2026-05-05,2026-05-22
2,"Airless Sprayer",,,158,84165112,"Spray tip 209",,standard,2,2,2,2.0000,0.00,0.00,0.00,2.0000,0.00,0.00,0.0000,0.00,0.00,2026-05-05,2026-05-23
2,"Airless Sprayer",,,287,85028638,"Spray tip 215",,standard,4,4,2,2.0000,0.00,0.00,0.00,3.0000,0.00,0.00,-1.0000,0.00,0.00,2026-05-25,2026-05-30
1,"Missing category 1",,,115,67563618,"water pump-wall chaser-ปั้มน้ำเครื่องกรีดผนังระบบน้ำ",,standard,2,2,2,2.0000,0.00,0.00,0.00,2.0000,0.00,0.00,0.0000,0.00,0.00,2026-05-08,2026-05-21
1,"Missing category 1",,,51,24349599,"ไม้ปาดปูน-1.5meter scraper",,standard,2,2,2,2.0000,0.00,0.00,0.00,2.0000,0.00,0.00,0.0000,0.00,0.00,2026-05-06,2026-05-28
2,"Airless Sprayer",,,303,63062851,"Spray tip 115",,standard,1,1,1,1.0000,0.00,0.00,0.00,1.0000,0.00,0.00,0.0000,0.00,0.00,2026-05-07,2026-05-07
2,"Airless Sprayer",,,297,73403617,"Spray tip 117",,standard,1,1,1,1.0000,0.00,0.00,0.00,1.0000,0.00,0.00,0.0000,0.00,0.00,2026-05-07,2026-05-07
2,"Airless Sprayer",,,296,66015910,"Spray tip 219",,standard,1,1,1,1.0000,0.00,0.00,0.00,1.0000,0.00,0.00,0.0000,0.00,0.00,2026-05-22,2026-05-22
2,"Airless Sprayer",,,289,60767201,"Spray tip 319",,standard,3,3,1,1.0000,0.00,0.00,0.00,2.0000,0.00,0.00,-1.0000,0.00,0.00,2026-05-25,2026-05-25
2,"Airless Sprayer",,,302,68321792,"Spray tip 511",,standard,1,1,1,1.0000,0.00,0.00,0.00,1.0000,0.00,0.00,0.0000,0.00,0.00,2026-05-22,2026-05-22
2,"Airless Sprayer",,,163,91102640,"Universal jointer-ข้อต่อ 360องศา",,standard,1,1,1,1.0000,0.00,0.00,0.00,1.0000,0.00,0.00,0.0000,0.00,0.00,2026-05-26,2026-05-26
46,"Wall Polishing Machine",,,118,09437861,"ด้ามต่อเครื่องปั่นหน้าปูน รุ่นPSM370","Extend tube  wet cement sanding  PSM -300",standard,1,1,1,1.0000,0.00,0.00,0.00,1.0000,0.00,0.00,0.0000,0.00,0.00,2026-05-20,2026-05-20
